{"New York City": {"0.48484123421266834": 1.8143381710281228, "0.5007788936065528": 1.7936461474798218, "0.5086843698613543": 1.7515209273080605, "0.6203550231376546": 1.6425884874789558, "0.7647179974812405": 1.5722188575003198, "0.9413102222566138": 1.4635291537349053, "1.1567564803339878": 1.3809634634827597, "1.4216608888997475": 1.3706022398627091, "1.7471343865920321": 1.26469133467124, "2.1466843388298997": 1.1460106935383938, "2.6374580924189157": 1.0361047401602481, "3.239296272283455": 0.9945915599228224, "3.9813278682013844": 0.9260972018124511, "4.892074744772592": 0.8074946061188198, "6.0055782435170775": 0.7395678703169026, "7.3778938877058575": 0.6965527669144652, "9.065038344359072": 0.6312626253233253, "11.104301466345719": 0.579063041531081, "13.557167591489689": 0.5860474973987077, "16.621919514387343": 0.6002482601043194}, "Los Angeles": {"1.0743986769753735": 2.6245448630963524, "1.0930741092711482": 2.5856846673160945, "1.0965948044768057": 2.60282317115085, "1.121073036106419": 2.6449888939203734, "1.1466127919845481": 2.686059760469121, "1.177548918158295": 2.7368506829687775, "1.1892029242511513": 2.6567362196817474, "1.2921968219249838": 2.739042478807023, "1.4050180562316508": 2.8312485530328217, "1.5293836175852185": 2.8191898922797103, "1.664617249613301": 2.739700580708643, "1.809490637798763": 2.74207301527817, "1.966377156108928": 2.7605866852127545, "2.137529941097289": 2.3902770401491185, "2.3214926004044742": 2.294843300753892, "2.5222823649689143": 2.4083327115544337, "2.7394887936522205": 2.3168153858100915, "2.9765663738755106": 2.0897292428236267, "3.232607190846207": 2.091134461812887, "3.512588748245847": 2.0610252772810327, "3.8153356910440483": 1.8839538474546915, "4.144518361403383": 1.7841718530709, "4.501713401901798": 1.6440310113276846, "4.890591048187046": 1.6009216081946382, "5.311885354043328": 1.543496791923538, "5.768473034680909": 1.3877461241248252, "6.266087870036052": 1.250844299451454, "6.808139795122682": 1.225539299752844, "7.39464823141719": 1.1484542194028744, "8.031425815852604": 1.0089824373240426, "8.723624233346685": 0.967848534400143, "9.474771806292763": 0.92525241026249, "10.292465731681839": 0.8953788294594793, "11.180130863962537": 0.8361397646365845, "12.142766251577397": 0.7310511567031105, "13.189498676776054": 0.6987962133660153, "14.325674839175115": 0.7180478716464114, "15.55990364088456": 0.6900778283604361, "16.899437448721873": 0.6585314485531102, "18.356420353220077": 0.6449770534365262, "19.934178100110685": 0.6175196353239745, "21.648740962089395": 0.5410617366069621, "23.5104205426015": 0.5020580633603563, "25.539816889368918": 0.5855770401956538, "27.739756523337753": 0.6657611080117998, "30.136124840639233": 0.6482586737730944, "32.719770163502766": 0.6533993441660834, "35.533622476261975": 0.6761657605337921, "38.57577879362739": 0.6455162706157525, "41.90495900845505": 0.6172943900636949}, "Chicago": {"0.8549389645810281": 1.3632005599507324, "0.8777526388086041": 1.3136526735597138, "0.8913050990959834": 1.3270258374915265, "0.9093908538222514": 1.2680929346722078, "0.9866297340118092": 1.2655051363230112, "1.0971020121481425": 1.2357227755219369, "1.2110233009164324": 1.2181245273900312, "1.3325337111291404": 1.196188922236111, "1.4703837735837382": 1.2190654072144396, "1.6189106975140541": 1.2023280285353484, "1.7840359979880147": 1.2347589526803389, "1.9725203087091014": 1.1859282950500578, "2.169051543030164": 1.179049389267883, "2.3960092093613925": 1.2073721356173406, "2.636138892876439": 1.1494389530860476, "2.9146212523486503": 1.1467697410923416, "3.204796218022162": 1.1379650405979596, "3.5438824838175274": 1.1565987345122355, "3.9076048392776728": 1.1463353322843663, "4.301776671929219": 1.1342994466495475, "4.7424922211391065": 1.0838915789232761, "5.230405079667348": 1.0070534131964226, "5.766383240879279": 0.9387162339349967, "6.36159889281003": 0.871584251632405, "7.016610961702639": 0.8303282021549312, "7.7357547916565395": 0.804136550420461, "8.527229906095574": 0.8797217175647325, "9.404792468186397": 0.9451706807429654, "10.369939828733573": 0.9380920506487008, "11.432883935737031": 0.8844989546612908, "12.605862547826957": 0.8015184895593737, "13.896209849631049": 0.6887929869344961, "15.319066727316397": 0.5875372106621052, "16.892760539821968": 0.546229722756791, "18.62709792715359": 0.4618438225773801, "20.538827102306904": 0.3905999808898323, "22.64463715119582": 0.3884846318744589, "24.9596410455862": 0.39171431014812597, "27.51265901081294": 0.3497991676956613, "30.32009135317094": 0.31552410074321297}, "Houston": {"1.3820284815697295": 2.6338596323753247, "1.3997821666432813": 2.6413458869773834, "1.4288999201783206": 2.6492364973366356, "1.5216364516163476": 2.6441381863711646, "1.658429099230232": 2.678205326905497, "1.8103572633379017": 2.664665092576745, "1.9729104800675572": 2.1680554811058035, "2.150197353083227": 1.7821468642163318, "2.342881454223196": 1.9225309301241793, "2.5568572753401075": 2.1299230290261137, "2.783087117376158": 2.0942543445042663, "3.0326872451767453": 1.8971335890824779, "3.3032852401393225": 1.7344602349086509, "3.600115395675426": 1.812272372861279, "3.9192939019585666": 1.8885996141403394, "4.273038059568512": 1.7908569697845098, "4.650458756658863": 1.609277348488031, "5.068741930483564": 1.4500115346361004, "5.52369437341275": 1.5156482437970198, "6.015896734975963": 1.4577053051837352, "6.555247739500322": 1.3656291961659768, "7.137255085169685": 1.4093994039833404, "7.778320079695908": 1.3553613860874016, "8.473124890179601": 1.2535162203361143, "9.229597047061022": 1.1361357780574708, "10.053275425310526": 1.0125867594875955, "10.950763219024505": 0.9345920203566992, "11.934750702133123": 0.9476513448392329, "13.001724157471369": 0.9137205206164294, "14.162546883836905": 0.8454336514918985, "15.427967101859675": 0.8103970357957214, "16.80564370357802": 0.7636728815132583, "18.306404818847785": 0.7613682409823466, "19.937587111057052": 0.6848959364878141, "21.713333597799952": 0.6464439792152323, "23.64584752814533": 0.6416480631482152, "25.75806152886928": 0.6199621792179605, "28.04992566132628": 0.5410300710331025, "30.539667374048985": 0.36925654151509, "33.25777743450058": 0.27156194099708547}, "Boston": {"1.1743255590410946": 2.229688863221715, "1.462569887069049": 2.0090494613732486, "1.8253076526177459": 1.7847403460576396, "2.2816414719958895": 1.520955699627092, "2.8441005367097305": 1.3618732282266874, "3.5505482280788248": 1.3147960628322677, "4.427823287720185": 1.2430276419573192, "5.519326164987825": 1.1047635733438532, "6.8771240154382": 1.0053581587794151, "8.561987703915728": 0.8947569596837117, "10.678122871666954": 0.7824855192742638, "13.402001054585787": 0.7099499445751063, "16.786679056553968": 0.5991550228584488, "20.90760664117818": 0.4495094010626639, "25.567615163230872": 0.3822544313248001}, "Phoenix": {"1.4563960282795845": 3.17603671719637, "1.4867537334220458": 3.0912657275677415, "1.5349406176801272": 3.0480141779749004, "1.5507145722817997": 2.9361265257678073, "1.6427790961045703": 2.942638014532797, "1.7651725141942716": 3.0445629803212975, "1.897256360940308": 3.0694517183706145, "2.074709927767329": 2.826869215884976, "2.2560467743538037": 2.4675073114972967, "2.448845790492377": 2.4588563495049214, "2.6452065014252018": 2.3594452879217913, "2.862143137464587": 2.3268863516704794, "3.0975999796927174": 2.281577874632254, "3.354295178969991": 2.2191356492506618, "3.6334048967566503": 2.0927265423675623, "3.9481265197377753": 1.9359300823438015, "4.249719114269404": 1.888248515934368, "4.600854512444796": 1.8388302834268477, "5.013718360601202": 1.759717906444487, "5.400049692049469": 1.7080748761231106, "5.868276461834731": 1.6122031245130717, "6.328657485790379": 1.5668294328392274, "6.883265812932979": 1.5259066965621513, "7.4073013222295065": 1.4611524398358642, "8.052181173766495": 1.4339987483406877, "8.706728166930127": 1.3353447543364947,